{"cameraMode":{"drawMode":0,"name":"Shaded","section":"Shading Mode"},"sceneLighting":true,"audioPlay":false,"sceneViewState":{"m_AlwaysRefresh":false,"showFog":true,"showSkybox":true,"showFlares":true,"showImageEffects":true,"showParticleSystems":true,"showVisualEffectGraphs":true,"m_FxEnabled":true},"in2DMode":false,"pivot":{"x":-1.4563684463500977,"y":0.2535583972930908,"z":-5.348686695098877},"rotation":{"x":0.010723618790507317,"y":-0.9868096709251404,"z":0.07750245183706284,"w":0.1426137536764145},"size":3.5985279083251955,"orthographic":false}