{"cameraMode":{"drawMode":0,"name":"Shaded","section":"Shading Mode"},"sceneLighting":true,"audioPlay":false,"sceneViewState":{"m_AlwaysRefresh":false,"showFog":true,"showSkybox":true,"showFlares":true,"showImageEffects":true,"showParticleSystems":true,"showVisualEffectGraphs":true,"m_FxEnabled":true},"in2DMode":false,"pivot":{"x":-0.7855076789855957,"y":1.6859761476516724,"z":-2.557474374771118},"rotation":{"x":-0.0059548974968492989,"y":0.25918909907341006,"z":-0.0021556441206485035,"w":-0.9659848809242249},"size":0.9239717721939087,"orthographic":false}