{"cameraMode":{"drawMode":0,"name":"Shaded","section":"Shading Mode"},"sceneLighting":false,"audioPlay":false,"sceneViewState":{"m_AlwaysRefresh":false,"showFog":true,"showSkybox":false,"showFlares":true,"showImageEffects":true,"showParticleSystems":true,"showVisualEffectGraphs":true,"m_FxEnabled":true},"in2DMode":false,"pivot":{"x":-0.19867654144763947,"y":0.58210688829422,"z":0.5065745711326599},"rotation":{"x":0.011292028240859509,"y":0.9244124889373779,"z":0.02745593897998333,"w":-0.3803408741950989},"size":0.6585080027580261,"orthographic":false}